{
    "encodec_32k": {
        "mel": 1.2389589309692384,
        "stft": 2.9831220626831056,
        "waveform": 0.05181002952158451,
        "pesq": 1.794708013534546,
        "stoi": 0.7468761829739478,
        "f0corr": 0.9367038607597351,
        "cqt": 0.04464194
    },
    "encodec_32k_retrain": {
        "mel": 1.070371675491333,
        "stft": 2.825351285934448,
        "waveform": 0.053784765861928464,
        "pesq": 1.887946081161499,
        "stoi": 0.7837607524386814,
        "f0corr": 0.9348952174186707,
        "cqt": 0.034999628
    }
}