{
    "encodec_32k": {
        "f0corr": 0.8927704691886902
    },
    "encodec_32k_retrain": {
        "f0corr": 0.8962554335594177
    }
}