{
    "encodec_32k": {
        "cqt": 0.04464194178581238
    },
    "encodec_32k_retrain": {
        "cqt": 0.034999627619981766
    }
}