{
    "encodec_32k": {
        "mel": 1.1898796806732814,
        "stft": 3.057458053032557,
        "waveform": 0.05192790060148885,
        "pesq": 1.6889683057864506,
        "stoi": 0.6337151821190038,
        "f0corr": 0.9205355644226074
    },
    "encodec_32k_retrain": {
        "mel": 1.0612256278594334,
        "stft": 2.9315368433793387,
        "waveform": 0.05350624572020024,
        "pesq": 1.7969169070323308,
        "stoi": 0.6820880161751038,
        "f0corr": 0.9150910377502441
    }
}