{
    "encodec_32k_retrain": {
        "mel": 1.070371675491333,
        "stft": 2.825351285934448,
        "waveform": 0.053784765861928464,
        "pesq": 1.887946081161499,
        "stoi": 0.7837607524386814,
        "f0corr": 0.9348952174186707
    }
}